{
  "統計": {
    "傘村トータ": 17,
    "unknown": 16,
    "初音ミク": 15,
    "梶浦由記": 9,
    "IA": 8,
    "Fukase": 6,
    "伍佰 Wu Bai&China Blue": 6,
    "結月ゆかり": 5,
    "金坷垃": 4,
    "可不": 2,
    "一二三": 2,
    "羅大佑": 2,
    "GUMI": 2,
    "宮脇詩音": 2,
    "米津玄師": 2,
    "Beyond": 2,
    "一人一首金坷垃": 2,
    "佐倉杏子@野中藍": 2,
    "Corn Wave": 2,
    "美樹沙耶香@喜多村英梨": 2,
    "文藝復興樂團Renascimento": 2,
    "林亦": 1,
    "知声": 1,
    "花粥": 1,
    "金莎": 1,
    "阿隆": 1,
    "Ken": 1,
    "全明星": 1,
    "坷杰倫": 1,
    "島谷瞳": 1,
    "殷正洋": 1,
    "鄭智仁": 1,
    "陳雲山": 1,
    "雨宮天": 1,
    "鴿稀拉": 1,
    "黃聖依": 1,
    "CC字幕": 1,
    "Ceui": 1,
    "Reol": 1,
    "КИНО": 1,
    "佐咲紗花": 1,
    "南里侑香": 1,
    "宮村優子": 1,
    "水島周平": 1,
    "茅野愛衣": 1,
    "鏡音リン": 1,
    "音街ウナ": 1,
    "高橋李依": 1,
    "KAITO": 1,
    "别惹精神病": 1,
    "安月名莉子": 1,
    "東方萃夢想": 1,
    "植田真梨恵": 1,
    "猫村いろは": 1,
    "解凍三色豆": 1,
    "-inai-": 1,
    "BEYOND": 1,
    "ClariS": 1,
    "ついなちゃん": 1,
    "北大力南逸峰": 1,
    "里奈Rina": 1,
    "Ava Max": 1,
    "聖地亞戈合唱團": 1,
    "Big Sean": 1,
    "Kalafina": 1,
    "Synthesia": 1,
    "草食考拉Kaora": 1,
    "Marshmello": 1,
    "兄弟本色 G.U.T.S": 1,
    "Avril Lavigne": 1,
    "小飛鼠Amelia Khor": 1,
    "楊千嬅 Miriam Yeung": 1,
    "美秀集團 Amazing Show": 1,
    "total": 162
  },
  "占比": {
    "傘村トータ": 0.10493827160493827,
    "unknown": 0.09876543209876543,
    "初音ミク": 0.09259259259259259,
    "梶浦由記": 0.05555555555555555,
    "IA": 0.04938271604938271,
    "Fukase": 0.037037037037037035,
    "伍佰 Wu Bai&China Blue": 0.037037037037037035,
    "結月ゆかり": 0.030864197530864196,
    "金坷垃": 0.024691358024691357,
    "可不": 0.012345679012345678,
    "一二三": 0.012345679012345678,
    "羅大佑": 0.012345679012345678,
    "GUMI": 0.012345679012345678,
    "宮脇詩音": 0.012345679012345678,
    "米津玄師": 0.012345679012345678,
    "Beyond": 0.012345679012345678,
    "一人一首金坷垃": 0.012345679012345678,
    "佐倉杏子@野中藍": 0.012345679012345678,
    "Corn Wave": 0.012345679012345678,
    "美樹沙耶香@喜多村英梨": 0.012345679012345678,
    "文藝復興樂團Renascimento": 0.012345679012345678,
    "林亦": 0.006172839506172839,
    "知声": 0.006172839506172839,
    "花粥": 0.006172839506172839,
    "金莎": 0.006172839506172839,
    "阿隆": 0.006172839506172839,
    "Ken": 0.006172839506172839,
    "全明星": 0.006172839506172839,
    "坷杰倫": 0.006172839506172839,
    "島谷瞳": 0.006172839506172839,
    "殷正洋": 0.006172839506172839,
    "鄭智仁": 0.006172839506172839,
    "陳雲山": 0.006172839506172839,
    "雨宮天": 0.006172839506172839,
    "鴿稀拉": 0.006172839506172839,
    "黃聖依": 0.006172839506172839,
    "CC字幕": 0.006172839506172839,
    "Ceui": 0.006172839506172839,
    "Reol": 0.006172839506172839,
    "КИНО": 0.006172839506172839,
    "佐咲紗花": 0.006172839506172839,
    "南里侑香": 0.006172839506172839,
    "宮村優子": 0.006172839506172839,
    "水島周平": 0.006172839506172839,
    "茅野愛衣": 0.006172839506172839,
    "鏡音リン": 0.006172839506172839,
    "音街ウナ": 0.006172839506172839,
    "高橋李依": 0.006172839506172839,
    "KAITO": 0.006172839506172839,
    "别惹精神病": 0.006172839506172839,
    "安月名莉子": 0.006172839506172839,
    "東方萃夢想": 0.006172839506172839,
    "植田真梨恵": 0.006172839506172839,
    "猫村いろは": 0.006172839506172839,
    "解凍三色豆": 0.006172839506172839,
    "-inai-": 0.006172839506172839,
    "BEYOND": 0.006172839506172839,
    "ClariS": 0.006172839506172839,
    "ついなちゃん": 0.006172839506172839,
    "北大力南逸峰": 0.006172839506172839,
    "里奈Rina": 0.006172839506172839,
    "Ava Max": 0.006172839506172839,
    "聖地亞戈合唱團": 0.006172839506172839,
    "Big Sean": 0.006172839506172839,
    "Kalafina": 0.006172839506172839,
    "Synthesia": 0.006172839506172839,
    "草食考拉Kaora": 0.006172839506172839,
    "Marshmello": 0.006172839506172839,
    "兄弟本色 G.U.T.S": 0.006172839506172839,
    "Avril Lavigne": 0.006172839506172839,
    "小飛鼠Amelia Khor": 0.006172839506172839,
    "楊千嬅 Miriam Yeung": 0.006172839506172839,
    "美秀集團 Amazing Show": 0.006172839506172839,
    "total": 1
  }
}